CHANNEL,INPUT [mV]
1,1.227
2,1.811
3,2.395
4,2.979
5,3.563
6,4.147
7,4.731
8,5.315
9,5.899
10,6.483
11,7.067
12,7.651
13,8.235
14,8.819
15,9.403
16,9.987
17,10.571
18,11.155
19,11.739
20,12.323
21,12.907
22,13.491
23,14.075
24,14.659
25,15.243
26,15.827
27,16.411
28,16.995
29,17.579
30,18.163
31,18.747
32,19.331
33,19.915
34,20.512
35,21.111
36,21.71
37,22.309
38,22.908
39,23.507
40,24.106
41,24.705
42,25.304
43,25.903
44,26.502
45,27.101
46,27.699
47,28.298
48,28.897
49,29.496
50,30.096
51,30.697
52,31.298
53,31.899
54,32.5
55,33.101
56,33.702
57,34.303
58,34.904
59,35.505
60,36.106
61,36.707
62,37.308
63,37.91
64,38.511
65,39.112
66,39.713
67,40.314
68,40.914
69,41.515
70,42.116
71,42.716
72,43.317
73,43.917
74,44.518
75,45.119
76,45.719
77,46.32
78,46.921
79,47.521
80,48.122
81,48.723
82,49.323
83,49.924
84,50.522
85,51.12
86,51.718
87,52.317
88,52.915
89,53.513
90,54.111
91,54.709
92,55.307
93,55.905
94,56.503
95,57.101
96,57.699
97,58.297
98,58.895
99,59.494
100,60.092
101,60.694
102,61.297
103,61.899
104,62.501
105,63.103
106,63.706
107,64.308
108,64.91
109,65.512
110,66.115
111,66.717
112,67.319
113,67.921
114,68.524
115,69.126
116,69.728
117,70.33
118,70.931
119,71.533
120,72.134
121,72.736
122,73.337
123,73.938
124,74.54
125,75.141
126,75.743
127,76.344
128,76.945
129,77.547
130,78.148
131,78.75
132,79.351
133,79.952
134,80.553
135,81.153
136,81.753
137,82.353
138,82.953
139,83.553
140,84.153
141,84.753
142,85.353
143,85.953
144,86.553
145,87.153
146,87.753
147,88.353
148,88.953
149,89.553
150,90.154
151,90.756
152,91.358
153,91.961
154,92.563
155,93.166
156,93.768
157,94.371
158,94.973
159,95.576
160,96.178
161,96.78
162,97.383
163,97.985
164,98.588
165,99.19
166,99.793
167,100.393
168,100.993
169,101.594
170,102.194
171,102.794
172,103.394
173,103.994
174,104.594
175,105.194
176,105.794
177,106.394
178,106.994
179,107.594
180,108.194
181,108.794
182,109.394
183,109.994
184,110.596
185,111.197
186,111.799
187,112.401
188,113.002
189,113.604
190,114.205
191,114.807
192,115.408
193,116.01
194,116.612
195,117.213
196,117.815
197,118.416
198,119.018
199,119.619
200,120.222
201,120.825
202,121.428
203,122.031
204,122.634
205,123.237
206,123.84
207,124.443
208,125.047
209,125.65
210,126.253
211,126.856
212,127.459
213,128.062
214,128.665
215,129.268
216,129.872
217,130.471
218,131.07
219,131.668
220,132.267
221,132.865
222,133.464
223,134.062
224,134.661
225,135.26
226,135.858
227,136.457
228,137.055
229,137.654
230,138.252
231,138.851
232,139.45
233,140.048
234,140.651
235,141.253
236,141.855
237,142.458
238,143.06
239,143.662
240,144.265
241,144.867
242,145.469
243,146.072
244,146.674
245,147.276
246,147.879
247,148.481
248,149.084
249,149.686
250,150.326
251,151.006
252,151.687
253,152.367
254,153.048
255,153.728
256,154.409
257,155.089
258,155.77
259,156.45
260,157.131
261,157.811
262,158.492
263,159.172
264,159.853
265,160.473
266,161.076
267,161.679
268,162.282
269,162.886
270,163.489
271,164.092
272,164.695
273,165.298
274,165.902
275,166.505
276,167.108
277,167.711
278,168.314
279,168.918
280,169.521
281,170.124
282,170.729
283,171.334
284,171.939
285,172.544
286,173.149
287,173.754
288,174.359
289,174.964
290,175.569
291,176.174
292,176.779
293,177.384
294,177.989
295,178.594
296,179.199
297,179.804
298,180.41
299,181.016
300,181.622
301,182.228
302,182.834
303,183.441
304,184.047
305,184.653
306,185.259
307,185.865
308,186.471
309,187.077
310,187.684
311,188.29
312,188.896
313,189.502
314,190.108
315,190.713
316,191.318
317,191.924
318,192.529
319,193.134
320,193.739
321,194.344
322,194.95
323,195.555
324,196.16
325,196.765
326,197.37
327,197.976
328,198.581
329,199.186
330,199.791
331,200.398
332,201.006
333,201.614
334,202.222
335,202.829
336,203.437
337,204.045
338,204.653
339,205.261
340,205.868
341,206.476
342,207.084
343,207.692
344,208.3
345,208.907
346,209.515
347,210.123
348,210.728
349,211.334
350,211.939
351,212.545
352,213.15
353,213.756
354,214.361
355,214.967
356,215.572
357,216.178
358,216.783
359,217.389
360,217.994
361,218.6
362,219.205
363,219.811
364,220.417
365,221.023
366,221.63
367,222.236
368,222.843
369,223.449
370,224.056
371,224.662
372,225.269
373,225.875
374,226.482
375,227.088
376,227.695
377,228.301
378,228.907
379,229.514
380,230.12
381,230.726
382,231.331
383,231.937
384,232.542
385,233.148
386,233.753
387,234.359
388,234.964
389,235.57
390,236.175
391,236.781
392,237.386
393,237.992
394,238.598
395,239.203
396,239.809
397,240.415
398,241.021
399,241.627
400,242.234
401,242.84
402,243.447
403,244.053
404,244.659
405,245.266
406,245.872
407,246.479
408,247.085
409,247.691
410,248.298
411,248.904
412,249.51
413,250.117
414,250.723
415,251.328
416,251.934
417,252.54
418,253.146
419,253.752
420,254.358
421,254.964
422,255.569
423,256.175
424,256.781
425,257.387
426,257.993
427,258.599
428,259.205
429,259.81
430,260.416
431,261.022
432,261.628
433,262.234
434,262.84
435,263.446
436,264.051
437,264.657
438,265.263
439,265.869
440,266.475
441,267.081
442,267.687
443,268.292
444,268.898
445,269.504
446,270.11
447,270.716
448,271.322
449,271.928
450,272.533
451,273.139
452,273.745
453,274.351
454,274.957
455,275.563
456,276.169
457,276.774
458,277.38
459,277.986
460,278.592
461,279.198
462,279.804
463,280.41
464,281.015
465,281.621
466,282.227
467,282.833
468,283.439
469,284.045
470,284.651
471,285.256
472,285.862
473,286.468
474,287.074
475,287.68
476,288.286
477,288.892
478,289.497
479,290.103
480,290.709
481,291.315
482,291.921
483,292.527
484,293.133
485,293.738
486,294.344
487,294.95
488,295.556
489,296.162
490,296.768
491,297.374
492,297.979
493,298.585
494,299.191
495,299.797
496,300.361
497,300.903
498,301.446
499,301.988
500,302.531
501,303.074
502,303.616
503,304.159
504,304.701
505,305.244
506,305.786
507,306.329
508,306.871
509,307.414
510,307.957
511,308.499
512,309.042
513,309.584
514,310.127
515,310.669
516,311.212
517,311.755
518,312.297
519,312.84
520,313.382
521,313.925
522,314.467
523,315.01
524,315.552
525,316.095
526,316.638
527,317.18
528,317.723
529,318.265
530,318.808
531,319.35
532,319.893
533,320.436
534,320.978
535,321.521
536,322.063
537,322.606
538,323.148
539,323.691
540,324.233
541,324.776
542,325.319
543,325.861
544,326.404
545,326.946
546,327.489
547,328.031
548,328.574
549,329.117
550,329.659
551,330.202
552,330.744
553,331.287
554,331.829
555,332.372
556,332.915
557,333.457
558,334.0
559,334.542
560,335.085
561,335.627
562,336.17
563,336.712
564,337.255
565,337.798
566,338.34
567,338.883
568,339.425
569,339.968
570,340.51
571,341.053
572,341.596
573,342.138
574,342.681
575,343.223
576,343.766
577,344.308
578,344.851
579,345.393
580,345.936
581,346.479
582,347.021
583,347.564
584,348.106
585,348.649
586,349.191
587,349.734
588,350.303
589,350.899
590,351.494
591,352.089
592,352.684
593,353.279
594,353.874
595,354.47
596,355.065
597,355.66
598,356.255
599,356.85
600,357.446
601,358.041
602,358.636
603,359.231
604,359.826
605,360.421
606,361.017
607,361.612
608,362.207
609,362.802
610,363.397
611,363.993
612,364.588
613,365.183
614,365.778
615,366.373
616,366.968
617,367.564
618,368.159
619,368.754
620,369.349
621,369.944
622,370.54
623,371.135
624,371.73
625,372.325
626,372.92
627,373.515
628,374.111
629,374.706
630,375.301
631,375.896
632,376.491
633,377.087
634,377.682
635,378.277
636,378.872
637,379.467
638,380.063
639,380.658
640,381.253
641,381.848
642,382.443
643,383.038
644,383.634
645,384.229
646,384.824
647,385.419
648,386.014
649,386.61
650,387.205
651,387.8
652,388.395
653,388.99
654,389.585
655,390.181
656,390.776
657,391.371
658,391.966
659,392.561
660,393.157
661,393.752
662,394.347
663,394.942
664,395.537
665,396.132
666,396.728
667,397.323
668,397.918
669,398.513
670,399.108
671,399.704
672,400.299
673,400.894
674,401.489
675,402.085
676,402.68
677,403.275
678,403.87
679,404.466
680,405.061
681,405.656
682,406.252
683,406.847
684,407.442
685,408.037
686,408.633
687,409.228
688,409.823
689,410.419
690,411.014
691,411.609
692,412.204
693,412.8
694,413.395
695,413.99
696,414.586
697,415.181
698,415.776
699,416.371
700,416.967
701,417.562
702,418.157
703,418.753
704,419.348
705,419.943
706,420.538
707,421.134
708,421.729
709,422.324
710,422.92
711,423.515
712,424.11
713,424.705
714,425.301
715,425.896
716,426.491
717,427.087
718,427.682
719,428.277
720,428.872
721,429.468
722,430.063
723,430.658
724,431.254
725,431.849
726,432.444
727,433.039
728,433.635
729,434.23
730,434.825
731,435.421
732,436.016
733,436.611
734,437.206
735,437.802
736,438.397
737,438.992
738,439.588
739,440.183
740,440.778
741,441.373
742,441.969
743,442.564
744,443.159
745,443.755
746,444.35
747,444.945
748,445.54
749,446.136
750,446.731
751,447.326
752,447.922
753,448.517
754,449.112
755,449.707
756,450.303
757,450.899
758,451.496
759,452.092
760,452.688
761,453.284
762,453.881
763,454.477
764,455.073
765,455.669
766,456.265
767,456.862
768,457.458
769,458.054
770,458.65
771,459.247
772,459.843
773,460.439
774,461.035
775,461.631
776,462.228
777,462.824
778,463.42
779,464.016
780,464.613
781,465.209
782,465.805
783,466.401
784,466.997
785,467.594
786,468.19
787,468.786
788,469.382
789,469.979
790,470.575
791,471.171
792,471.767
793,472.363
794,472.96
795,473.556
796,474.152
797,474.748
798,475.345
799,475.941
800,476.537
801,477.133
802,477.729
803,478.326
804,478.922
805,479.518
806,480.114
807,480.711
808,481.307
809,481.903
810,482.499
811,483.095
812,483.692
813,484.288
814,484.884
815,485.48
816,486.077
817,486.673
818,487.269
819,487.865
820,488.461
821,489.058
822,489.654
823,490.25
824,490.846
825,491.442
826,492.039
827,492.635
828,493.231
829,493.827
830,494.424
831,495.02
832,495.616
833,496.212
834,496.808
835,497.405
836,498.001
837,498.597
838,499.193
839,499.79
840,500.386
841,500.981
842,501.577
843,502.173
844,502.769
845,503.364
846,503.96
847,504.556
848,505.152
849,505.747
850,506.343
851,506.939
852,507.535
853,508.131
854,508.726
855,509.322
856,509.918
857,510.514
858,511.109
859,511.705
860,512.301
861,512.897
862,513.493
863,514.088
864,514.684
865,515.28
866,515.876
867,516.471
868,517.067
869,517.663
870,518.259
871,518.854
872,519.45
873,520.046
874,520.642
875,521.238
876,521.833
877,522.429
878,523.025
879,523.621
880,524.216
881,524.812
882,525.408
883,526.004
884,526.599
885,527.195
886,527.791
887,528.387
888,528.983
889,529.578
890,530.174
891,530.77
892,531.366
893,531.961
894,532.557
895,533.153
896,533.749
897,534.345
898,534.94
899,535.536
900,536.132
901,536.728
902,537.323
903,537.919
904,538.515
905,539.111
906,539.706
907,540.302
908,540.898
909,541.494
910,542.09
911,542.685
912,543.281
913,543.877
914,544.473
915,545.068
916,545.664
917,546.26
918,546.856
919,547.451
920,548.047
921,548.643
922,549.239
923,549.835
924,550.43
925,551.025
926,551.62
927,552.216
928,552.811
929,553.406
930,554.001
931,554.596
932,555.192
933,555.787
934,556.382
935,556.977
936,557.572
937,558.168
938,558.763
939,559.358
940,559.953
941,560.548
942,561.144
943,561.739
944,562.334
945,562.929
946,563.525
947,564.12
948,564.715
949,565.31
950,565.905
951,566.501
952,567.096
953,567.691
954,568.286
955,568.881
956,569.477
957,570.072
958,570.667
959,571.262
960,571.857
961,572.453
962,573.048
963,573.643
964,574.238
965,574.833
966,575.429
967,576.024
968,576.619
969,577.214
970,577.81
971,578.405
972,579.0
973,579.595
974,580.19
975,580.786
976,581.381
977,581.976
978,582.571
979,583.166
980,583.762
981,584.357
982,584.952
983,585.547
984,586.142
985,586.738
986,587.333
987,587.928
988,588.523
989,589.118
990,589.714
991,590.309
992,590.904
993,591.499
994,592.094
995,592.69
996,593.285
997,593.88
998,594.475
999,595.071
1000,595.666
1001,596.261
1002,596.856
1003,597.451
1004,598.047
1005,598.642
1006,599.237
1007,599.832
1008,600.503
1009,601.203
1010,601.903
1011,602.604
1012,603.304
1013,604.004
1014,604.704
1015,605.405
1016,606.105
1017,606.805
1018,607.506
1019,608.206
1020,608.906
1021,609.606
1022,610.307
1023,611.007
1024,611.707
1025,612.407
1026,613.108
1027,613.808
1028,614.508
1029,615.209
1030,615.909
1031,616.609
1032,617.309
1033,618.01
1034,618.71
1035,619.41
1036,620.11
1037,620.811
1038,621.511
1039,622.211
1040,622.912
1041,623.612
1042,624.312
1043,625.012
1044,625.713
1045,626.413
1046,627.113
1047,627.813
1048,628.514
1049,629.214
1050,629.914
1051,630.614
1052,631.315
1053,632.015
1054,632.715
1055,633.416
1056,634.116
1057,634.816
1058,635.516
1059,636.217
1060,636.917
1061,637.617
1062,638.317
1063,639.018
1064,639.718
1065,640.418
1066,641.119
1067,641.819
1068,642.519
1069,643.219
1070,643.92
1071,644.62
1072,645.32
1073,646.02
1074,646.721
1075,647.421
1076,648.121
1077,648.822
1078,649.522
1079,650.191
1080,650.794
1081,651.397
1082,652.0
1083,652.603
1084,653.206
1085,653.809
1086,654.412
1087,655.015
1088,655.618
1089,656.221
1090,656.824
1091,657.426
1092,658.029
1093,658.632
1094,659.235
1095,659.838
1096,660.441
1097,661.044
1098,661.647
1099,662.25
1100,662.853
1101,663.456
1102,664.059
1103,664.662
1104,665.265
1105,665.868
1106,666.471
1107,667.073
1108,667.676
1109,668.279
1110,668.882
1111,669.485
1112,670.088
1113,670.691
1114,671.294
1115,671.897
1116,672.5
1117,673.103
1118,673.706
1119,674.309
1120,674.912
1121,675.515
1122,676.118
1123,676.72
1124,677.323
1125,677.926
1126,678.529
1127,679.132
1128,679.735
1129,680.338
1130,680.941
1131,681.544
1132,682.147
1133,682.75
1134,683.353
1135,683.956
1136,684.559
1137,685.162
1138,685.765
1139,686.367
1140,686.97
1141,687.573
1142,688.176
1143,688.779
1144,689.382
1145,689.985
1146,690.588
1147,691.191
1148,691.794
1149,692.397
1150,693.0
1151,693.603
1152,694.206
1153,694.809
1154,695.412
1155,696.014
1156,696.617
1157,697.22
1158,697.823
1159,698.426
1160,699.029
1161,699.632
1162,700.234
1163,700.835
1164,701.436
1165,702.037
1166,702.638
1167,703.239
1168,703.84
1169,704.441
1170,705.042
1171,705.643
1172,706.244
1173,706.845
1174,707.446
1175,708.047
1176,708.648
1177,709.249
1178,709.85
1179,710.451
1180,711.052
1181,711.653
1182,712.254
1183,712.855
1184,713.456
1185,714.057
1186,714.658
1187,715.259
1188,715.859
1189,716.46
1190,717.061
1191,717.662
1192,718.263
1193,718.864
1194,719.465
1195,720.066
1196,720.667
1197,721.268
1198,721.869
1199,722.47
1200,723.071
1201,723.672
1202,724.273
1203,724.874
1204,725.475
1205,726.076
1206,726.677
1207,727.278
1208,727.879
1209,728.48
1210,729.081
1211,729.682
1212,730.283
1213,730.884
1214,731.485
1215,732.086
1216,732.687
1217,733.288
1218,733.889
1219,734.49
1220,735.091
1221,735.692
1222,736.292
1223,736.893
1224,737.494
1225,738.095
1226,738.696
1227,739.297
1228,739.898
1229,740.499
1230,741.1
1231,741.701
1232,742.302
1233,742.903
1234,743.504
1235,744.105
1236,744.706
1237,745.307
1238,745.908
1239,746.509
1240,747.11
1241,747.711
1242,748.312
1243,748.913
1244,749.514
1245,750.115
1246,750.718
1247,751.321
1248,751.924
1249,752.528
1250,753.131
1251,753.734
1252,754.337
1253,754.94
1254,755.543
1255,756.146
1256,756.749
1257,757.352
1258,757.955
1259,758.558
1260,759.162
1261,759.765
1262,760.368
1263,760.971
1264,761.574
1265,762.177
1266,762.78
1267,763.383
1268,763.986
1269,764.589
1270,765.192
1271,765.796
1272,766.399
1273,767.002
1274,767.605
1275,768.208
1276,768.811
1277,769.414
1278,770.017
1279,770.62
1280,771.223
1281,771.826
1282,772.43
1283,773.033
1284,773.636
1285,774.239
1286,774.842
1287,775.445
1288,776.048
1289,776.651
1290,777.254
1291,777.857
1292,778.46
1293,779.064
1294,779.667
1295,780.27
1296,780.873
1297,781.476
1298,782.079
1299,782.682
1300,783.285
1301,783.888
1302,784.491
1303,785.094
1304,785.698
1305,786.301
1306,786.904
1307,787.507
1308,788.11
1309,788.713
1310,789.316
1311,789.919
1312,790.522
1313,791.125
1314,791.728
1315,792.331
1316,792.935
1317,793.538
1318,794.141
1319,794.744
1320,795.347
1321,795.95
1322,796.553
1323,797.156
1324,797.759
1325,798.362
1326,798.965
1327,799.569
1328,800.171
1329,800.772
1330,801.373
1331,801.974
1332,802.575
1333,803.176
1334,803.777
1335,804.378
1336,804.978
1337,805.579
1338,806.18
1339,806.781
1340,807.382
1341,807.983
1342,808.584
1343,809.185
1344,809.786
1345,810.387
1346,810.988
1347,811.589
1348,812.19
1349,812.791
1350,813.391
1351,813.992
1352,814.593
1353,815.194
1354,815.795
1355,816.396
1356,816.997
1357,817.598
1358,818.199
1359,818.8
1360,819.401
1361,820.002
1362,820.603
1363,821.204
1364,821.804
1365,822.405
1366,823.006
1367,823.607
1368,824.208
1369,824.809
1370,825.41
1371,826.011
1372,826.612
1373,827.213
1374,827.814
1375,828.415
1376,829.016
1377,829.617
1378,830.217
1379,830.818
1380,831.419
1381,832.02
1382,832.621
1383,833.222
1384,833.823
1385,834.424
1386,835.025
1387,835.626
1388,836.227
1389,836.828
1390,837.429
1391,838.03
1392,838.63
1393,839.231
1394,839.832
1395,840.433
1396,841.034
1397,841.635
1398,842.236
1399,842.837
1400,843.438
1401,844.039
1402,844.64
1403,845.241
1404,845.842
1405,846.443
1406,847.044
1407,847.644
1408,848.245
1409,848.846
1410,849.447
1411,850.048
1412,850.649
1413,851.249
1414,851.85
1415,852.45
1416,853.051
1417,853.652
1418,854.252
1419,854.853
1420,855.453
1421,856.054
1422,856.655
1423,857.255
1424,857.856
1425,858.456
1426,859.057
1427,859.657
1428,860.258
1429,860.859
1430,861.459
1431,862.06
1432,862.66
1433,863.261
1434,863.862
1435,864.462
1436,865.063
1437,865.663
1438,866.264
1439,866.865
1440,867.465
1441,868.066
1442,868.666
1443,869.267
1444,869.867
1445,870.468
1446,871.069
1447,871.669
1448,872.27
1449,872.87
1450,873.471
1451,874.072
1452,874.672
1453,875.273
1454,875.873
1455,876.474
1456,877.074
1457,877.675
1458,878.276
1459,878.876
1460,879.477
1461,880.077
1462,880.678
1463,881.279
1464,881.879
1465,882.48
1466,883.08
1467,883.681
1468,884.281
1469,884.882
1470,885.483
1471,886.083
1472,886.684
1473,887.284
1474,887.885
1475,888.486
1476,889.086
1477,889.687
1478,890.287
1479,890.888
1480,891.488
1481,892.089
1482,892.69
1483,893.29
1484,893.891
1485,894.491
1486,895.092
1487,895.693
1488,896.293
1489,896.894
1490,897.494
1491,898.095
1492,898.696
1493,899.296
1494,899.897
1495,900.498
1496,901.099
1497,901.701
1498,902.302
1499,902.903
1500,903.505
1501,904.106
1502,904.707
1503,905.309
1504,905.91
1505,906.511
1506,907.113
1507,907.714
1508,908.315
1509,908.917
1510,909.518
1511,910.119
1512,910.721
1513,911.322
1514,911.924
1515,912.525
1516,913.126
1517,913.728
1518,914.329
1519,914.93
1520,915.532
1521,916.133
1522,916.734
1523,917.336
1524,917.937
1525,918.538
1526,919.14
1527,919.741
1528,920.342
1529,920.944
1530,921.545
1531,922.146
1532,922.748
1533,923.349
1534,923.95
1535,924.552
1536,925.153
1537,925.755
1538,926.356
1539,926.957
1540,927.559
1541,928.16
1542,928.761
1543,929.363
1544,929.964
1545,930.565
1546,931.167
1547,931.768
1548,932.369
1549,932.971
1550,933.572
1551,934.173
1552,934.775
1553,935.376
1554,935.977
1555,936.579
1556,937.18
1557,937.781
1558,938.383
1559,938.984
1560,939.586
1561,940.187
1562,940.788
1563,941.39
1564,941.991
1565,942.592
1566,943.194
1567,943.795
1568,944.396
1569,944.998
1570,945.599
1571,946.2
1572,946.802
1573,947.403
1574,948.004
1575,948.606
1576,949.207
1577,949.808
1578,950.408
1579,951.008
1580,951.607
1581,952.206
1582,952.805
1583,953.404
1584,954.003
1585,954.603
1586,955.202
1587,955.801
1588,956.4
1589,956.999
1590,957.598
1591,958.198
1592,958.797
1593,959.396
1594,959.995
1595,960.594
1596,961.194
1597,961.793
1598,962.392
1599,962.991
1600,963.59
1601,964.189
1602,964.789
1603,965.388
1604,965.987
1605,966.586
1606,967.185
1607,967.784
1608,968.384
1609,968.983
1610,969.582
1611,970.181
1612,970.78
1613,971.38
1614,971.979
1615,972.578
1616,973.177
1617,973.776
1618,974.375
1619,974.975
1620,975.574
1621,976.173
1622,976.772
1623,977.371
1624,977.97
1625,978.57
1626,979.169
1627,979.768
1628,980.367
1629,980.966
1630,981.566
1631,982.165
1632,982.764
1633,983.363
1634,983.962
1635,984.561
1636,985.161
1637,985.76
1638,986.359
1639,986.958
1640,987.557
1641,988.156
1642,988.756
1643,989.355
1644,989.954
1645,990.553
1646,991.152
1647,991.752
1648,992.351
1649,992.95
1650,993.549
1651,994.148
1652,994.747
1653,995.347
1654,995.946
1655,996.545
1656,997.144
1657,997.743
1658,998.342
1659,998.942
1660,999.541
1661,1000.14
1662,1000.739
1663,1001.338
1664,1001.938
1665,1002.537
1666,1003.136
1667,1003.735
1668,1004.334
1669,1004.933
1670,1005.533
1671,1006.132
1672,1006.731
1673,1007.33
1674,1007.929
1675,1008.528
1676,1009.128
1677,1009.727
1678,1010.326
1679,1010.925
1680,1011.524
1681,1012.124
1682,1012.723
1683,1013.322
1684,1013.921
1685,1014.52
1686,1015.119
1687,1015.719
1688,1016.318
1689,1016.917
1690,1017.516
1691,1018.115
1692,1018.714
1693,1019.314
1694,1019.913
1695,1020.512
1696,1021.111
1697,1021.71
1698,1022.31
1699,1022.909
1700,1023.508
1701,1024.107
1702,1024.706
1703,1025.305
1704,1025.905
1705,1026.504
1706,1027.103
1707,1027.702
1708,1028.301
1709,1028.9
1710,1029.5
1711,1030.099
1712,1030.698
1713,1031.297
1714,1031.896
1715,1032.496
1716,1033.095
1717,1033.694
1718,1034.293
1719,1034.892
1720,1035.491
1721,1036.091
1722,1036.69
1723,1037.289
1724,1037.888
1725,1038.487
1726,1039.086
1727,1039.686
1728,1040.285
1729,1040.884
1730,1041.483
1731,1042.082
1732,1042.682
1733,1043.281
1734,1043.88
1735,1044.479
1736,1045.078
1737,1045.677
1738,1046.277
1739,1046.876
1740,1047.475
1741,1048.074
1742,1048.673
1743,1049.272
1744,1049.872
1745,1050.471
1746,1051.07
1747,1051.669
1748,1052.268
1749,1052.868
1750,1053.467
1751,1054.066
1752,1054.665
1753,1055.264
1754,1055.863
1755,1056.463
1756,1057.062
1757,1057.661
1758,1058.26
1759,1058.859
1760,1059.458
1761,1060.058
1762,1060.657
1763,1061.256
1764,1061.855
1765,1062.454
1766,1063.054
1767,1063.653
1768,1064.252
1769,1064.851
1770,1065.45
1771,1066.049
1772,1066.649
1773,1067.248
1774,1067.847
1775,1068.446
1776,1069.045
1777,1069.644
1778,1070.244
1779,1070.843
1780,1071.442
1781,1072.041
1782,1072.64
1783,1073.24
1784,1073.839
1785,1074.438
1786,1075.037
1787,1075.636
1788,1076.235
1789,1076.835
1790,1077.434
1791,1078.033
1792,1078.632
1793,1079.231
1794,1079.83
1795,1080.43
1796,1081.029
1797,1081.628
1798,1082.227
1799,1082.826
1800,1083.426
1801,1084.025
1802,1084.624
1803,1085.223
1804,1085.822
1805,1086.421
1806,1087.021
1807,1087.62
1808,1088.219
1809,1088.818
1810,1089.417
1811,1090.016
1812,1090.616
1813,1091.215
1814,1091.814
1815,1092.413
1816,1093.012
1817,1093.612
1818,1094.211
1819,1094.81
1820,1095.409
1821,1096.008
1822,1096.607
1823,1097.207
1824,1097.806
1825,1098.405
1826,1099.004
1827,1099.603
1828,1100.202
1829,1100.802
1830,1101.401
1831,1102.0
1832,1102.599
1833,1103.198
1834,1103.798
1835,1104.397
1836,1104.996
1837,1105.595
1838,1106.194
1839,1106.793
1840,1107.393
1841,1107.992
1842,1108.591
1843,1109.19
1844,1109.789
1845,1110.388
1846,1110.988
1847,1111.587
1848,1112.186
1849,1112.785
1850,1113.384
1851,1113.984
1852,1114.583
1853,1115.182
1854,1115.781
1855,1116.38
1856,1116.979
1857,1117.579
1858,1118.178
1859,1118.777
1860,1119.376
1861,1119.975
1862,1120.574
1863,1121.174
1864,1121.773
1865,1122.372
1866,1122.971
1867,1123.57
1868,1124.17
1869,1124.769
1870,1125.368
1871,1125.967
1872,1126.566
1873,1127.165
1874,1127.765
1875,1128.364
1876,1128.963
1877,1129.562
1878,1130.161
1879,1130.76
1880,1131.36
1881,1131.959
1882,1132.558
1883,1133.157
1884,1133.756
1885,1134.356
1886,1134.955
1887,1135.554
1888,1136.153
1889,1136.752
1890,1137.351
1891,1137.951
1892,1138.55
1893,1139.149
1894,1139.748
1895,1140.347
1896,1140.946
1897,1141.546
1898,1142.145
1899,1142.744
1900,1143.343
1901,1143.942
1902,1144.542
1903,1145.141
1904,1145.74
1905,1146.339
1906,1146.938
1907,1147.537
1908,1148.137
1909,1148.736
1910,1149.335
1911,1149.934
1912,1150.533
1913,1151.132
1914,1151.732
1915,1152.331
1916,1152.93
1917,1153.529
1918,1154.128
1919,1154.728
1920,1155.327
1921,1155.926
1922,1156.525
1923,1157.124
1924,1157.723
1925,1158.323
1926,1158.922
1927,1159.521
1928,1160.12
1929,1160.719
1930,1161.318
1931,1161.918
1932,1162.517
1933,1163.116
1934,1163.715
1935,1164.314
1936,1164.914
1937,1165.513
1938,1166.112
1939,1166.711
1940,1167.31
1941,1167.909
1942,1168.509
1943,1169.108
1944,1169.707
1945,1170.306
1946,1170.905
1947,1171.504
1948,1172.104
1949,1172.703
1950,1173.302
1951,1173.901
1952,1174.5
1953,1175.1
1954,1175.699
1955,1176.298
1956,1176.897
1957,1177.496
1958,1178.095
1959,1178.695
1960,1179.294
1961,1179.893
1962,1180.492
1963,1181.091
1964,1181.69
1965,1182.29
1966,1182.889
1967,1183.488
1968,1184.087
1969,1184.686
1970,1185.286
1971,1185.885
1972,1186.484
1973,1187.083
1974,1187.682
1975,1188.281
1976,1188.881
1977,1189.48
1978,1190.079
1979,1190.678
1980,1191.277
1981,1191.876
1982,1192.476
1983,1193.075
1984,1193.674
1985,1194.273
1986,1194.872
1987,1195.472
1988,1196.071
1989,1196.67
1990,1197.269
1991,1197.868
1992,1198.467
1993,1199.067
1994,1199.666
1995,1200.265
1996,1200.864
1997,1201.463
1998,1202.062
1999,1202.662
2000,1203.261
2001,1203.86
2002,1204.459
2003,1205.058
2004,1205.658
2005,1206.257
2006,1206.856
2007,1207.455
2008,1208.054
2009,1208.653
2010,1209.253
2011,1209.852
2012,1210.451
2013,1211.05
2014,1211.649
2015,1212.248
2016,1212.848
2017,1213.447
2018,1214.046
2019,1214.645
2020,1215.244
2021,1215.844
2022,1216.443
2023,1217.042
2024,1217.641
2025,1218.24
2026,1218.839
2027,1219.439
2028,1220.038
2029,1220.637
2030,1221.236
2031,1221.835
2032,1222.434
2033,1223.034
2034,1223.633
2035,1224.232
2036,1224.831
2037,1225.43
2038,1226.03
2039,1226.629
2040,1227.228
2041,1227.827
2042,1228.426
2043,1229.025
2044,1229.625
2045,1230.224
2046,1230.823
2047,1231.422
2048,1232.021
2049,1232.62
2050,1233.22
2051,1233.819
2052,1234.418
2053,1235.017
2054,1235.616
2055,1236.216
2056,1236.815
2057,1237.414
2058,1238.013
2059,1238.612
2060,1239.211
2061,1239.811
2062,1240.41
2063,1241.009
2064,1241.608
2065,1242.207
2066,1242.806
2067,1243.406
2068,1244.005
2069,1244.604
2070,1245.203
2071,1245.802
2072,1246.402
2073,1247.001
2074,1247.6
2075,1248.199
2076,1248.798
2077,1249.397
2078,1249.997
2079,1250.596
2080,1251.195
2081,1251.794
2082,1252.393
2083,1252.992
2084,1253.592
2085,1254.191
2086,1254.79
2087,1255.389
2088,1255.988
2089,1256.588
2090,1257.187
2091,1257.786
2092,1258.385
2093,1258.984
2094,1259.583
2095,1260.183
2096,1260.782
2097,1261.381
2098,1261.98
2099,1262.579
2100,1263.178
2101,1263.778
2102,1264.377
2103,1264.976
2104,1265.575
2105,1266.174
2106,1266.774
2107,1267.373
2108,1267.972
2109,1268.571
2110,1269.17
2111,1269.769
2112,1270.369
2113,1270.968
2114,1271.567
2115,1272.166
2116,1272.765
2117,1273.364
2118,1273.964
2119,1274.563
2120,1275.162
2121,1275.761
2122,1276.36
2123,1276.96
2124,1277.559
2125,1278.158
2126,1278.757
2127,1279.356
2128,1279.955
2129,1280.555
2130,1281.154
2131,1281.753
2132,1282.352
2133,1282.951
2134,1283.55
2135,1284.15
2136,1284.749
2137,1285.348
2138,1285.947
2139,1286.546
2140,1287.146
2141,1287.745
2142,1288.344
2143,1288.943
2144,1289.542
2145,1290.141
2146,1290.741
2147,1291.34
2148,1291.939
2149,1292.538
2150,1293.137
2151,1293.736
2152,1294.336
2153,1294.935
2154,1295.534
2155,1296.133
2156,1296.732
2157,1297.332
2158,1297.931
2159,1298.53
2160,1299.129
2161,1299.728
2162,1300.327
2163,1300.927
2164,1301.526
2165,1302.125
2166,1302.724
2167,1303.323
2168,1303.922
2169,1304.522
2170,1305.121
2171,1305.72
2172,1306.319
2173,1306.918
2174,1307.518
2175,1308.117
2176,1308.716
2177,1309.315
2178,1309.914
2179,1310.513
2180,1311.113
2181,1311.712
2182,1312.311
2183,1312.91
2184,1313.509
2185,1314.108
2186,1314.708
2187,1315.307
2188,1315.906
2189,1316.505
2190,1317.104
2191,1317.704
2192,1318.303
2193,1318.902
2194,1319.501
2195,1320.1
2196,1320.699
2197,1321.299
2198,1321.898
2199,1322.497
2200,1323.096
2201,1323.695
2202,1324.294
2203,1324.894
2204,1325.493
2205,1326.092
2206,1326.691
2207,1327.29
2208,1327.89
2209,1328.489
2210,1329.088
2211,1329.687
2212,1330.286
2213,1330.885
2214,1331.485
2215,1332.084
2216,1332.683
2217,1333.282
2218,1333.881
2219,1334.48
2220,1335.08
2221,1335.679
2222,1336.278
2223,1336.877
2224,1337.476
2225,1338.076
2226,1338.675
2227,1339.274
2228,1339.873
2229,1340.472
2230,1341.071
2231,1341.671
2232,1342.27
2233,1342.869
2234,1343.468
2235,1344.067
2236,1344.666
2237,1345.266
2238,1345.865
2239,1346.464
2240,1347.063
2241,1347.662
2242,1348.262
2243,1348.861
2244,1349.46
2245,1350.059
2246,1350.658
2247,1351.257
2248,1351.857
2249,1352.456
2250,1353.055
2251,1353.654
2252,1354.253
2253,1354.852
2254,1355.452
2255,1356.051
2256,1356.65
2257,1357.249
2258,1357.848
2259,1358.448
2260,1359.047
2261,1359.646
2262,1360.245
2263,1360.844
2264,1361.443
2265,1362.043
2266,1362.642
2267,1363.241
2268,1363.84
2269,1364.439
2270,1365.038
2271,1365.638
2272,1366.237
2273,1366.836
2274,1367.435
2275,1368.034
2276,1368.634
2277,1369.233
2278,1369.832
2279,1370.431
2280,1371.03
2281,1371.629
2282,1372.229
2283,1372.828
2284,1373.427
2285,1374.026
2286,1374.625
2287,1375.224
2288,1375.824
2289,1376.423
2290,1377.022
2291,1377.621
2292,1378.22
2293,1378.82
2294,1379.419
2295,1380.018
2296,1380.617
2297,1381.216
2298,1381.815
2299,1382.415
2300,1383.014
2301,1383.613
2302,1384.212
2303,1384.811
2304,1385.411
2305,1386.01
2306,1386.609
2307,1387.208
2308,1387.807
2309,1388.406
2310,1389.006
2311,1389.605
2312,1390.204
2313,1390.803
2314,1391.402
2315,1392.001
2316,1392.601
2317,1393.2
2318,1393.799
2319,1394.398
2320,1394.997
2321,1395.597
2322,1396.196
2323,1396.795
2324,1397.394
2325,1397.993
2326,1398.592
2327,1399.192
2328,1399.791
2329,1400.39
2330,1400.989
2331,1401.588
2332,1402.187
2333,1402.787
2334,1403.386
2335,1403.985
2336,1404.584
2337,1405.183
2338,1405.783
2339,1406.382
2340,1406.981
2341,1407.58
2342,1408.179
2343,1408.778
2344,1409.378
2345,1409.977
2346,1410.576
2347,1411.175
2348,1411.774
2349,1412.373
2350,1412.973
2351,1413.572
2352,1414.171
2353,1414.77
2354,1415.369
2355,1415.969
2356,1416.568
2357,1417.167
2358,1417.766
2359,1418.365
2360,1418.964
2361,1419.564
2362,1420.163
2363,1420.762
2364,1421.361
2365,1421.96
2366,1422.559
2367,1423.159
2368,1423.758
2369,1424.357
2370,1424.956
2371,1425.555
2372,1426.155
2373,1426.754
2374,1427.353
2375,1427.952
2376,1428.551
2377,1429.15
2378,1429.75
2379,1430.349
2380,1430.948
2381,1431.547
2382,1432.146
2383,1432.745
2384,1433.345
2385,1433.944
2386,1434.543
2387,1435.142
2388,1435.741
2389,1436.341
2390,1436.94
2391,1437.539
2392,1438.138
2393,1438.737
2394,1439.336
2395,1439.936
2396,1440.535
2397,1441.134
2398,1441.733
2399,1442.332
2400,1442.931
2401,1443.531
2402,1444.13
2403,1444.729
2404,1445.328
2405,1445.927
2406,1446.527
2407,1447.126
2408,1447.725
2409,1448.324
2410,1448.923
2411,1449.522
2412,1450.122
2413,1450.721
2414,1451.32
2415,1451.919
2416,1452.518
2417,1453.117
2418,1453.717
2419,1454.316
2420,1454.915
2421,1455.514
2422,1456.113
2423,1456.713
2424,1457.312
2425,1457.911
2426,1458.51
2427,1459.109
2428,1459.708
2429,1460.308
2430,1460.907
2431,1461.506
2432,1462.105
2433,1462.704
2434,1463.303
2435,1463.903
2436,1464.502
2437,1465.101
2438,1465.7
2439,1466.299
2440,1466.899
2441,1467.498
2442,1468.097
2443,1468.696
2444,1469.295
2445,1469.894
2446,1470.494
2447,1471.093
2448,1471.692
2449,1472.291
2450,1472.89
2451,1473.489
2452,1474.089
2453,1474.688
2454,1475.287
2455,1475.886
2456,1476.485
2457,1477.085
2458,1477.684
2459,1478.283
2460,1478.882
2461,1479.481
2462,1480.08
2463,1480.68
2464,1481.279
2465,1481.878
2466,1482.477
2467,1483.076
2468,1483.675
2469,1484.275
2470,1484.874
2471,1485.473
2472,1486.072
2473,1486.671
2474,1487.271
2475,1487.87
2476,1488.469
2477,1489.068
2478,1489.667
2479,1490.266
2480,1490.866
2481,1491.465
2482,1492.064
2483,1492.663
2484,1493.262
2485,1493.861
2486,1494.461
2487,1495.06
2488,1495.659
2489,1496.258
2490,1496.857
2491,1497.457
2492,1498.056
2493,1498.655
2494,1499.254
2495,1499.853
2496,1500.452
2497,1501.052
2498,1501.651
2499,1502.25
2500,1502.849
2501,1503.448
2502,1504.047
2503,1504.647
2504,1505.246
2505,1505.845
2506,1506.444
2507,1507.043
2508,1507.643
2509,1508.242
2510,1508.841
2511,1509.44
2512,1510.039
2513,1510.638
2514,1511.238
2515,1511.837
2516,1512.436
2517,1513.035
2518,1513.634
2519,1514.233
2520,1514.833
2521,1515.432
2522,1516.031
2523,1516.63
2524,1517.229
2525,1517.829
2526,1518.428
2527,1519.027
2528,1519.626
2529,1520.225
2530,1520.824
2531,1521.424
2532,1522.023
2533,1522.622
2534,1523.221
2535,1523.82
2536,1524.419
2537,1525.019
2538,1525.618
2539,1526.217
2540,1526.816
2541,1527.415
2542,1528.015
2543,1528.614
2544,1529.213
2545,1529.812
2546,1530.411
2547,1531.01
2548,1531.61
2549,1532.209
2550,1532.808
2551,1533.407
2552,1534.006
2553,1534.605
2554,1535.205
2555,1535.804
2556,1536.403
2557,1537.002
2558,1537.601
2559,1538.201
2560,1538.8
2561,1539.399
2562,1539.998
2563,1540.597
2564,1541.196
2565,1541.796
2566,1542.395
2567,1542.994
2568,1543.593
2569,1544.192
2570,1544.791
2571,1545.391
2572,1545.99
2573,1546.589
2574,1547.188
2575,1547.787
2576,1548.387
2577,1548.986
2578,1549.585
2579,1550.184
2580,1550.783
2581,1551.382
2582,1551.982
2583,1552.581
2584,1553.18
2585,1553.779
2586,1554.378
2587,1554.977
2588,1555.577
2589,1556.176
2590,1556.775
2591,1557.374
2592,1557.973
2593,1558.573
2594,1559.172
2595,1559.771
2596,1560.37
2597,1560.969
2598,1561.568
2599,1562.168
2600,1562.767
2601,1563.366
2602,1563.965
2603,1564.564
2604,1565.163
2605,1565.763
2606,1566.362
2607,1566.961
2608,1567.56
2609,1568.159
2610,1568.759
2611,1569.358
2612,1569.957
2613,1570.556
2614,1571.155
2615,1571.754
2616,1572.354
2617,1572.953
2618,1573.552
2619,1574.151
2620,1574.75
2621,1575.349
2622,1575.949
2623,1576.548
2624,1577.147
2625,1577.746
2626,1578.345
2627,1578.945
2628,1579.544
2629,1580.143
2630,1580.742
2631,1581.341
2632,1581.94
2633,1582.54
2634,1583.139
2635,1583.738
2636,1584.337
2637,1584.936
2638,1585.535
2639,1586.135
2640,1586.734
2641,1587.333
2642,1587.932
2643,1588.531
2644,1589.131
2645,1589.73
2646,1590.329
2647,1590.928
2648,1591.527
2649,1592.126
2650,1592.726
2651,1593.325
2652,1593.924
2653,1594.523
2654,1595.122
2655,1595.721
2656,1596.321
2657,1596.92
2658,1597.519
2659,1598.118
2660,1598.717
2661,1599.317
2662,1599.916
2663,1600.515
2664,1601.114
2665,1601.713
2666,1602.312
2667,1602.912
2668,1603.511
2669,1604.11
2670,1604.709
2671,1605.308
2672,1605.907
2673,1606.507
2674,1607.106
2675,1607.705
2676,1608.304
2677,1608.903
2678,1609.503
2679,1610.102
2680,1610.701
2681,1611.3
2682,1611.899
2683,1612.498
2684,1613.098
2685,1613.697
2686,1614.296
2687,1614.895
2688,1615.494
2689,1616.093
2690,1616.693
2691,1617.292
2692,1617.891
2693,1618.49
2694,1619.089
2695,1619.689
2696,1620.288
2697,1620.887
2698,1621.486
2699,1622.085
2700,1622.684
2701,1623.284
2702,1623.883
2703,1624.482
2704,1625.081
2705,1625.68
2706,1626.279
2707,1626.879
2708,1627.478
2709,1628.077
2710,1628.676
2711,1629.275
2712,1629.875
2713,1630.474
2714,1631.073
2715,1631.672
2716,1632.271
2717,1632.87
2718,1633.47
2719,1634.069
2720,1634.668
2721,1635.267
2722,1635.866
2723,1636.465
2724,1637.065
2725,1637.664
2726,1638.263
2727,1638.862
2728,1639.461
2729,1640.061
2730,1640.66
2731,1641.259
2732,1641.858
2733,1642.457
2734,1643.056
2735,1643.656
2736,1644.255
2737,1644.854
2738,1645.453
2739,1646.052
2740,1646.651
2741,1647.251
2742,1647.85
2743,1648.449
2744,1649.048
2745,1649.647
2746,1650.247
2747,1650.846
2748,1651.445
2749,1652.044
2750,1652.643
2751,1653.242
2752,1653.842
2753,1654.441
2754,1655.04
2755,1655.639
2756,1656.238
2757,1656.837
2758,1657.437
2759,1658.036
2760,1658.635
2761,1659.234
2762,1659.833
2763,1660.433
2764,1661.032
2765,1661.631
2766,1662.23
2767,1662.829
2768,1663.428
2769,1664.028
2770,1664.627
2771,1665.226
2772,1665.825
2773,1666.424
2774,1667.023
2775,1667.623
2776,1668.222
2777,1668.821
2778,1669.42
2779,1670.019
2780,1670.619
2781,1671.218
2782,1671.817
2783,1672.416
2784,1673.015
2785,1673.614
2786,1674.214
2787,1674.813
2788,1675.412
2789,1676.011
2790,1676.61
2791,1677.209
2792,1677.809
2793,1678.408
2794,1679.007
2795,1679.606
2796,1680.205
2797,1680.805
2798,1681.404
2799,1682.003
2800,1682.602
2801,1683.201
2802,1683.8
2803,1684.4
2804,1684.999
2805,1685.598
2806,1686.197
2807,1686.796
2808,1687.395
2809,1687.995
2810,1688.594
2811,1689.193
2812,1689.792
2813,1690.391
2814,1690.991
2815,1691.59
2816,1692.189
2817,1692.788
2818,1693.387
2819,1693.986
2820,1694.586
2821,1695.185
2822,1695.784
2823,1696.383
2824,1696.982
2825,1697.581
2826,1698.181
2827,1698.78
2828,1699.379
2829,1699.978
2830,1700.577
2831,1701.177
2832,1701.776
2833,1702.375
2834,1702.974
2835,1703.573
2836,1704.172
2837,1704.772
2838,1705.371
2839,1705.97
2840,1706.569
2841,1707.168
2842,1707.767
2843,1708.367
2844,1708.966
2845,1709.565
2846,1710.164
2847,1710.763
2848,1711.363
2849,1711.962
2850,1712.561
2851,1713.16
2852,1713.759
2853,1714.358
2854,1714.958
2855,1715.557
2856,1716.156
2857,1716.755
2858,1717.354
2859,1717.953
2860,1718.553
2861,1719.152
2862,1719.751
2863,1720.35
2864,1720.949
2865,1721.549
2866,1722.148
2867,1722.747
2868,1723.346
2869,1723.945
2870,1724.544
2871,1725.144
2872,1725.743
2873,1726.342
2874,1726.941
2875,1727.54
2876,1728.139
2877,1728.739
2878,1729.338
2879,1729.937
2880,1730.536
2881,1731.135
2882,1731.735
2883,1732.334
2884,1732.933
2885,1733.532
2886,1734.131
2887,1734.73
2888,1735.33
2889,1735.929
2890,1736.528
2891,1737.127
2892,1737.726
2893,1738.325
2894,1738.925
2895,1739.524
2896,1740.123
2897,1740.722
2898,1741.321
2899,1741.921
2900,1742.52
2901,1743.119
2902,1743.718
2903,1744.317
2904,1744.916
2905,1745.516
2906,1746.115
2907,1746.714
2908,1747.313
2909,1747.912
2910,1748.511
2911,1749.111
2912,1749.71
2913,1750.309
2914,1750.908
2915,1751.507
2916,1752.107
2917,1752.706
2918,1753.305
2919,1753.904
2920,1754.503
2921,1755.102
2922,1755.702
2923,1756.301
2924,1756.9
2925,1757.499
2926,1758.098
2927,1758.697
2928,1759.297
2929,1759.896
2930,1760.495
2931,1761.094
2932,1761.693
2933,1762.293
2934,1762.892
2935,1763.491
2936,1764.09
2937,1764.689
2938,1765.288
2939,1765.888
2940,1766.487
2941,1767.086
2942,1767.685
2943,1768.284
2944,1768.883
2945,1769.483
2946,1770.082
2947,1770.681
2948,1771.28
2949,1771.879
2950,1772.479
2951,1773.078
2952,1773.677
2953,1774.276
2954,1774.875
2955,1775.474
2956,1776.074
2957,1776.673
2958,1777.272
2959,1777.871
2960,1778.47
2961,1779.069
2962,1779.669
2963,1780.268
2964,1780.867
2965,1781.466
2966,1782.065
2967,1782.665
2968,1783.264
2969,1783.863
2970,1784.462
2971,1785.061
2972,1785.66
2973,1786.26
2974,1786.859
2975,1787.458
2976,1788.057
2977,1788.656
2978,1789.255
2979,1789.855
2980,1790.454
2981,1791.053
2982,1791.652
2983,1792.251
2984,1792.851
2985,1793.45
2986,1794.049
2987,1794.648
2988,1795.247
2989,1795.846
2990,1796.446
2991,1797.045
2992,1797.644
2993,1798.243
2994,1798.842
2995,1799.441
2996,1800.041
2997,1800.64
2998,1801.239
2999,1801.838
3000,1802.437
3001,1803.037
3002,1803.636
3003,1804.235
3004,1804.834
3005,1805.433
3006,1806.032
3007,1806.632
3008,1807.231
3009,1807.83
3010,1808.429
3011,1809.028
3012,1809.627
3013,1810.227
3014,1810.826
3015,1811.425
3016,1812.024
3017,1812.623
3018,1813.223
3019,1813.822
3020,1814.421
3021,1815.02
3022,1815.619
3023,1816.218
3024,1816.818
3025,1817.417
3026,1818.016
3027,1818.615
3028,1819.214
3029,1819.813
3030,1820.413
3031,1821.012
3032,1821.611
3033,1822.21
3034,1822.809
3035,1823.409
3036,1824.008
3037,1824.607
3038,1825.206
3039,1825.805
3040,1826.404
3041,1827.004
3042,1827.603
3043,1828.202
3044,1828.801
3045,1829.4
3046,1829.999
3047,1830.599
3048,1831.198
3049,1831.797
3050,1832.396
3051,1832.995
3052,1833.595
3053,1834.194
3054,1834.793
3055,1835.392
3056,1835.991
3057,1836.59
3058,1837.19
3059,1837.789
3060,1838.388
3061,1838.987
3062,1839.586
3063,1840.185
3064,1840.785
3065,1841.384
3066,1841.983
3067,1842.582
3068,1843.181
3069,1843.781
3070,1844.38
3071,1844.979
3072,1845.578
3073,1846.177
3074,1846.776
3075,1847.376
3076,1847.975
3077,1848.574
3078,1849.173
3079,1849.772
3080,1850.371
3081,1850.971
3082,1851.57
3083,1852.169
3084,1852.768
3085,1853.367
3086,1853.967
3087,1854.566
3088,1855.165
3089,1855.764
3090,1856.363
3091,1856.962
3092,1857.562
3093,1858.161
3094,1858.76
3095,1859.359
3096,1859.958
3097,1860.557
3098,1861.157
3099,1861.756
3100,1862.355
3101,1862.954
3102,1863.553
3103,1864.153
3104,1864.752
3105,1865.351
3106,1865.95
3107,1866.549
3108,1867.148
3109,1867.748
3110,1868.347
3111,1868.946
3112,1869.545
3113,1870.144
3114,1870.743
3115,1871.343
3116,1871.942
3117,1872.541
3118,1873.14
3119,1873.739
3120,1874.339
3121,1874.938
3122,1875.537
3123,1876.136
3124,1876.735
3125,1877.334
3126,1877.934
3127,1878.533
3128,1879.132
3129,1879.731
3130,1880.33
3131,1880.929
3132,1881.529
3133,1882.128
3134,1882.727
3135,1883.326
3136,1883.925
3137,1884.525
3138,1885.124
3139,1885.723
3140,1886.322
3141,1886.921
3142,1887.52
3143,1888.12
3144,1888.719
3145,1889.318
3146,1889.917
3147,1890.516
3148,1891.115
3149,1891.715
3150,1892.314
3151,1892.913
3152,1893.512
3153,1894.111
3154,1894.711
3155,1895.31
3156,1895.909
3157,1896.508
3158,1897.107
3159,1897.706
3160,1898.306
3161,1898.905
3162,1899.504
3163,1900.103
3164,1900.702
3165,1901.301
3166,1901.901
3167,1902.5
3168,1903.099
3169,1903.698
3170,1904.297
3171,1904.897
3172,1905.496
3173,1906.095
3174,1906.694
3175,1907.293
3176,1907.892
3177,1908.492
3178,1909.091
3179,1909.69
3180,1910.289
3181,1910.888
3182,1911.488
3183,1912.087
3184,1912.686
3185,1913.285
3186,1913.884
3187,1914.483
3188,1915.083
3189,1915.682
3190,1916.281
3191,1916.88
3192,1917.479
3193,1918.078
3194,1918.678
3195,1919.277
3196,1919.876
3197,1920.475
3198,1921.074
3199,1921.674
3200,1922.273
3201,1922.872
3202,1923.471
3203,1924.07
3204,1924.669
3205,1925.269
3206,1925.868
3207,1926.467
3208,1927.066
3209,1927.665
3210,1928.264
3211,1928.864
3212,1929.463
3213,1930.062
3214,1930.661
3215,1931.26
3216,1931.86
3217,1932.459
3218,1933.058
3219,1933.657
3220,1934.256
3221,1934.855
3222,1935.455
3223,1936.054
3224,1936.653
3225,1937.252
3226,1937.851
3227,1938.45
3228,1939.05
3229,1939.649
3230,1940.248
3231,1940.847
3232,1941.446
3233,1942.046
3234,1942.645
3235,1943.244
3236,1943.843
3237,1944.442
3238,1945.041
3239,1945.641
3240,1946.24
3241,1946.839
3242,1947.438
3243,1948.037
3244,1948.636
3245,1949.236
3246,1949.835
3247,1950.434
3248,1951.033
3249,1951.632
3250,1952.232
3251,1952.831
3252,1953.43
3253,1954.029
3254,1954.628
3255,1955.227
3256,1955.827
3257,1956.426
3258,1957.025
3259,1957.624
3260,1958.223
3261,1958.822
3262,1959.422
3263,1960.021
3264,1960.62
3265,1961.219
3266,1961.818
3267,1962.418
3268,1963.017
3269,1963.616
3270,1964.215
3271,1964.814
3272,1965.413
3273,1966.013
3274,1966.612
3275,1967.211
3276,1967.81
3277,1968.409
3278,1969.008
3279,1969.608
3280,1970.207
3281,1970.806
3282,1971.405
3283,1972.004
3284,1972.604
3285,1973.203
3286,1973.802
3287,1974.401
3288,1975.0
3289,1975.599
3290,1976.199
3291,1976.798
3292,1977.397
3293,1977.996
3294,1978.595
3295,1979.194
3296,1979.794
3297,1980.393
3298,1980.992
3299,1981.591
3300,1982.19
3301,1982.79
3302,1983.389
3303,1983.988
3304,1984.587
3305,1985.186
3306,1985.785
3307,1986.385
3308,1986.984
3309,1987.583
3310,1988.182
3311,1988.781
3312,1989.38
3313,1989.98
3314,1990.579
3315,1991.178
3316,1991.777
3317,1992.376
3318,1992.976
3319,1993.575
3320,1994.174
3321,1994.773
3322,1995.372
3323,1995.971
3324,1996.571
3325,1997.17
3326,1997.769
3327,1998.368
3328,1998.967
3329,1999.566
3330,2000.166
3331,2000.765
3332,2001.364
3333,2001.963
3334,2002.562
3335,2003.162
3336,2003.761
3337,2004.36
3338,2004.959
3339,2005.558
3340,2006.157
3341,2006.757
3342,2007.356
3343,2007.955
3344,2008.554
3345,2009.153
3346,2009.752
3347,2010.352
3348,2010.951
3349,2011.55
3350,2012.149
3351,2012.748
3352,2013.348
3353,2013.947
3354,2014.546
3355,2015.145
3356,2015.744
3357,2016.343
3358,2016.943
3359,2017.542
3360,2018.141
3361,2018.74
3362,2019.339
3363,2019.938
3364,2020.538
3365,2021.137
3366,2021.736
3367,2022.335
3368,2022.934
3369,2023.534
3370,2024.133
3371,2024.732
3372,2025.331
3373,2025.93
3374,2026.529
3375,2027.129
3376,2027.728
3377,2028.327
3378,2028.926
3379,2029.525
3380,2030.124
3381,2030.724
3382,2031.323
3383,2031.922
3384,2032.521
3385,2033.12
3386,2033.72
3387,2034.319
3388,2034.918
3389,2035.517
3390,2036.116
3391,2036.715
3392,2037.315
3393,2037.914
3394,2038.513
3395,2039.112
3396,2039.711
3397,2040.31
3398,2040.91
3399,2041.509
3400,2042.108
3401,2042.707
3402,2043.306
3403,2043.906
3404,2044.505
3405,2045.104
3406,2045.703
3407,2046.302
3408,2046.901
3409,2047.501
3410,2048.1
3411,2048.699
3412,2049.298
3413,2049.897
3414,2050.496
3415,2051.096
3416,2051.695
3417,2052.294
3418,2052.893
3419,2053.492
3420,2054.092
3421,2054.691
3422,2055.29
3423,2055.889
3424,2056.488
3425,2057.087
3426,2057.687
3427,2058.286
3428,2058.885
3429,2059.484
3430,2060.083
3431,2060.682
3432,2061.282
3433,2061.881
3434,2062.48
3435,2063.079
3436,2063.678
3437,2064.278
3438,2064.877
3439,2065.476
3440,2066.075
3441,2066.674
3442,2067.273
3443,2067.873
3444,2068.472
3445,2069.071
3446,2069.67
3447,2070.269
3448,2070.868
3449,2071.468
3450,2072.067
3451,2072.666
3452,2073.265
3453,2073.864
3454,2074.464
3455,2075.063
3456,2075.662
3457,2076.261
3458,2076.86
3459,2077.459
3460,2078.059
3461,2078.658
3462,2079.257
3463,2079.856
3464,2080.455
3465,2081.054
3466,2081.654
3467,2082.253
3468,2082.852
3469,2083.451
3470,2084.05
3471,2084.65
3472,2085.249
3473,2085.848
3474,2086.447
3475,2087.046
3476,2087.645
3477,2088.245
3478,2088.844
3479,2089.443
3480,2090.042
3481,2090.641
3482,2091.24
3483,2091.84
3484,2092.439
3485,2093.038
3486,2093.637
3487,2094.236
3488,2094.836
3489,2095.435
3490,2096.034
3491,2096.633
3492,2097.232
3493,2097.831
3494,2098.431
3495,2099.03
3496,2099.629
3497,2100.228
3498,2100.827
3499,2101.426
3500,2102.026
3501,2102.625
3502,2103.224
3503,2103.823
3504,2104.422
3505,2105.022
3506,2105.621
3507,2106.22
3508,2106.819
3509,2107.418
3510,2108.017
3511,2108.617
3512,2109.216
3513,2109.815
3514,2110.414
3515,2111.013
3516,2111.612
3517,2112.212
3518,2112.811
3519,2113.41
3520,2114.009
3521,2114.608
3522,2115.208
3523,2115.807
3524,2116.406
3525,2117.005
3526,2117.604
3527,2118.203
3528,2118.803
3529,2119.402
3530,2120.001
3531,2120.6
3532,2121.199
3533,2121.798
3534,2122.398
3535,2122.997
3536,2123.596
3537,2124.195
3538,2124.794
3539,2125.394
3540,2125.993
3541,2126.592
3542,2127.191
3543,2127.79
3544,2128.389
3545,2128.989
3546,2129.588
3547,2130.187
3548,2130.786
3549,2131.385
3550,2131.984
3551,2132.584
3552,2133.183
3553,2133.782
3554,2134.381
3555,2134.98
3556,2135.58
3557,2136.179
3558,2136.778
3559,2137.377
3560,2137.976
3561,2138.575
3562,2139.175
3563,2139.774
3564,2140.373
3565,2140.972
3566,2141.571
3567,2142.17
3568,2142.77
3569,2143.369
3570,2143.968
3571,2144.567
3572,2145.166
3573,2145.766
3574,2146.365
3575,2146.964
3576,2147.563
3577,2148.162
3578,2148.761
3579,2149.361
3580,2149.96
3581,2150.559
3582,2151.158
3583,2151.757
3584,2152.356
3585,2152.956
3586,2153.555
3587,2154.154
3588,2154.753
3589,2155.352
3590,2155.952
3591,2156.551
3592,2157.15
3593,2157.749
3594,2158.348
3595,2158.947
3596,2159.547
3597,2160.146
3598,2160.745
3599,2161.344
3600,2161.943
3601,2162.542
3602,2163.142
3603,2163.741
3604,2164.34
3605,2164.939
3606,2165.538
3607,2166.138
3608,2166.737
3609,2167.336
3610,2167.935
3611,2168.534
3612,2169.133
3613,2169.733
3614,2170.332
3615,2170.931
3616,2171.53
3617,2172.129
3618,2172.728
3619,2173.328
3620,2173.927
3621,2174.526
3622,2175.125
3623,2175.724
3624,2176.324
3625,2176.923
3626,2177.522
3627,2178.121
3628,2178.72
3629,2179.319
3630,2179.919
3631,2180.518
3632,2181.117
3633,2181.716
3634,2182.315
3635,2182.914
3636,2183.514
3637,2184.113
3638,2184.712
3639,2185.311
3640,2185.91
3641,2186.51
3642,2187.109
3643,2187.708
3644,2188.307
3645,2188.906
3646,2189.505
3647,2190.105
3648,2190.704
3649,2191.303
3650,2191.902
3651,2192.501
3652,2193.1
3653,2193.7
3654,2194.299
3655,2194.898
3656,2195.497
3657,2196.096
3658,2196.696
3659,2197.295
3660,2197.894
3661,2198.493
3662,2199.092
3663,2199.691
3664,2200.291
3665,2200.89
3666,2201.489
3667,2202.088
3668,2202.687
3669,2203.286
3670,2203.886
3671,2204.485
3672,2205.084
3673,2205.683
3674,2206.282
3675,2206.882
3676,2207.481
3677,2208.08
3678,2208.679
3679,2209.278
3680,2209.877
3681,2210.477
3682,2211.076
3683,2211.675
3684,2212.274
3685,2212.873
3686,2213.472
3687,2214.072
3688,2214.671
3689,2215.27
3690,2215.869
3691,2216.468
3692,2217.068
3693,2217.667
3694,2218.266
3695,2218.865
3696,2219.464
3697,2220.063
3698,2220.663
3699,2221.262
3700,2221.861
3701,2222.46
3702,2223.059
3703,2223.658
3704,2224.258
3705,2224.857
3706,2225.456
3707,2226.055
3708,2226.654
3709,2227.254
3710,2227.853
3711,2228.452
3712,2229.051
3713,2229.65
3714,2230.249
3715,2230.849
3716,2231.448
3717,2232.047
3718,2232.646
3719,2233.245
3720,2233.844
3721,2234.444
3722,2235.043
3723,2235.642
3724,2236.241
3725,2236.84
3726,2237.44
3727,2238.039
3728,2238.638
3729,2239.237
3730,2239.836
3731,2240.435
3732,2241.035
3733,2241.634
3734,2242.233
3735,2242.832
3736,2243.431
3737,2244.03
3738,2244.63
3739,2245.229
3740,2245.828
3741,2246.427
3742,2247.026
3743,2247.626
3744,2248.225
3745,2248.824
3746,2249.423
3747,2250.022
3748,2250.621
3749,2251.221
3750,2251.82
3751,2252.419
3752,2253.018
3753,2253.617
3754,2254.216
3755,2254.816
3756,2255.415
3757,2256.014
3758,2256.613
3759,2257.212
3760,2257.812
3761,2258.411
3762,2259.01
3763,2259.609
3764,2260.208
3765,2260.807
3766,2261.407
3767,2262.006
3768,2262.605
3769,2263.204
3770,2263.803
3771,2264.402
3772,2265.002
3773,2265.601
3774,2266.2
3775,2266.799
3776,2267.398
3777,2267.998
3778,2268.597
3779,2269.196
3780,2269.795
3781,2270.394
3782,2270.993
3783,2271.593
3784,2272.192
3785,2272.791
3786,2273.39
3787,2273.989
3788,2274.588
3789,2275.188
3790,2275.787
3791,2276.386
3792,2276.985
3793,2277.584
3794,2278.184
3795,2278.783
3796,2279.382
3797,2279.981
3798,2280.58
3799,2281.179
3800,2281.779
3801,2282.378
3802,2282.977
3803,2283.576
3804,2284.175
3805,2284.774
3806,2285.374
3807,2285.973
3808,2286.572
3809,2287.171
3810,2287.77
3811,2288.37
3812,2288.969
3813,2289.568
3814,2290.167
3815,2290.766
3816,2291.365
3817,2291.965
3818,2292.564
3819,2293.163
3820,2293.762
3821,2294.361
3822,2294.96
3823,2295.56
3824,2296.159
3825,2296.758
3826,2297.357
3827,2297.956
3828,2298.556
3829,2299.155
3830,2299.754
3831,2300.353
3832,2300.952
3833,2301.551
3834,2302.151
3835,2302.75
3836,2303.349
3837,2303.948
3838,2304.547
3839,2305.146
3840,2305.746
3841,2306.345
3842,2306.944
3843,2307.543
3844,2308.142
3845,2308.742
3846,2309.341
3847,2309.94
3848,2310.539
3849,2311.138
3850,2311.737
3851,2312.337
3852,2312.936
3853,2313.535
3854,2314.134
3855,2314.733
3856,2315.332
3857,2315.932
3858,2316.531
3859,2317.13
3860,2317.729
3861,2318.328
3862,2318.928
3863,2319.527
3864,2320.126
3865,2320.725
3866,2321.324
3867,2321.923
3868,2322.523
3869,2323.122
3870,2323.721
3871,2324.32
3872,2324.919
3873,2325.518
3874,2326.118
3875,2326.717
3876,2327.316
3877,2327.915
3878,2328.514
3879,2329.114
3880,2329.713
3881,2330.312
3882,2330.911
3883,2331.51
3884,2332.109
3885,2332.709
3886,2333.308
3887,2333.907
3888,2334.506
3889,2335.105
3890,2335.704
3891,2336.304
3892,2336.903
3893,2337.502
3894,2338.101
3895,2338.7
3896,2339.3
3897,2339.899
3898,2340.498
3899,2341.097
3900,2341.696
3901,2342.295
3902,2342.895
3903,2343.494
3904,2344.093
3905,2344.692
3906,2345.291
3907,2345.89
3908,2346.49
3909,2347.089
3910,2347.688
3911,2348.287
3912,2348.886
3913,2349.486
3914,2350.085
3915,2350.684
3916,2351.283
3917,2351.882
3918,2352.481
3919,2353.081
3920,2353.68
3921,2354.279
3922,2354.878
3923,2355.477
3924,2356.076
3925,2356.676
3926,2357.275
3927,2357.874
3928,2358.473
3929,2359.072
3930,2359.672
3931,2360.271
3932,2360.87
3933,2361.469
3934,2362.068
3935,2362.667
3936,2363.267
3937,2363.866
3938,2364.465
3939,2365.064
3940,2365.663
3941,2366.262
3942,2366.862
3943,2367.461
3944,2368.06
3945,2368.659
3946,2369.258
3947,2369.858
3948,2370.457
3949,2371.056
3950,2371.655
3951,2372.254
3952,2372.853
3953,2373.453
3954,2374.052
3955,2374.651
3956,2375.25
3957,2375.849
3958,2376.448
3959,2377.048
3960,2377.647
3961,2378.246
3962,2378.845
3963,2379.444
3964,2380.044
3965,2380.643
3966,2381.242
3967,2381.841
3968,2382.44
3969,2383.039
3970,2383.639
3971,2384.238
3972,2384.837
3973,2385.436
3974,2386.035
3975,2386.634
3976,2387.234
3977,2387.833
3978,2388.432
3979,2389.031
3980,2389.63
3981,2390.23
3982,2390.829
3983,2391.428
3984,2392.027
3985,2392.626
3986,2393.225
3987,2393.825
3988,2394.424
3989,2395.023
3990,2395.622
3991,2396.221
3992,2396.82
3993,2397.42
3994,2398.019
3995,2398.618
3996,2399.217
3997,2399.816
3998,2400.416
3999,2401.015
4000,2401.614
4001,2402.213
4002,2402.812
4003,2403.411
4004,2404.011
4005,2404.61
4006,2405.209
4007,2405.808
4008,2406.407
4009,2407.006
4010,2407.606
4011,2408.205
4012,2408.804
4013,2409.403
4014,2410.002
4015,2410.602
4016,2411.201
4017,2411.8
4018,2412.399
4019,2412.998
4020,2413.597
4021,2414.197
4022,2414.796
4023,2415.395
4024,2415.994
4025,2416.593
4026,2417.192
4027,2417.792
4028,2418.391
4029,2418.99
4030,2419.589
4031,2420.188
4032,2420.788
4033,2421.387
4034,2421.986
4035,2422.585
4036,2423.184
4037,2423.783
4038,2424.383
4039,2424.982
4040,2425.581
4041,2426.18
4042,2426.779
4043,2427.378
4044,2427.978
4045,2428.577
4046,2429.176
4047,2429.775
4048,2430.374
4049,2430.974
4050,2431.573
4051,2432.172
4052,2432.771
4053,2433.37
4054,2433.969
4055,2434.569
4056,2435.168
4057,2435.767
4058,2436.366
4059,2436.965
4060,2437.565
4061,2438.164
4062,2438.763
4063,2439.362
4064,2439.961
4065,2440.56
4066,2441.16
4067,2441.759
4068,2442.358
4069,2442.957
4070,2443.556
4071,2444.155
4072,2444.755
4073,2445.354
4074,2445.953
4075,2446.552
4076,2447.151
4077,2447.751
4078,2448.35
4079,2448.949
4080,2449.548
4081,2450.147
4082,2450.746
4083,2451.346
4084,2451.945
4085,2452.544
4086,2453.143
4087,2453.742
4088,2454.341
4089,2454.941
4090,2455.54
4091,2456.139
4092,2456.738
4093,2457.337
4094,2457.937
4095,2458.536
4096,2459.135
